﻿{
  "$schema": "https://raw.githubusercontent.com/DotNetAnalyzers/StyleCopAnalyzers/master/StyleCop.Analyzers/StyleCop.Analyzers/Settings/stylecop.schema.json",
  "settings": {
    "documentationRules": {
      "xmlHeader": false,
      "companyName": "Jose Torres",
      "copyrightText": "Copyright (c) 2021 {companyName}. All rights reserved. Licensed under the {licenseName}. See {licenseFile} file in the project root for full license information.",
      "variables": {
        "licenseName": "Apache License, Version 2.0",
        "licenseFile": "LICENSE.md"
      }
    }
  }
}
